price,horsepower,mpg,age,manufacturer,fuel_type,transmission
28236.114016923002,241.98066309758008,21.62410862512809,8,Ford,Gasoline,Manual
20555.171636660925,227.73901048738307,24.27740664642241,6,Audi,Gasoline,Automatic
30450.09122566627,201.78891109760522,21.037900395000193,14,BMW,Gasoline,Automatic
47170.07320439235,180.5918966688328,23.4601923518048,1,Audi,Gasoline,Automatic
19592.915242189152,220.9466994084077,15.531926665231072,19,Ford,Gasoline,Automatic
19593.07607887804,211.80456156265248,26.066468536864694,11,Toyota,Gasoline,Automatic
48513.937547411464,226.85579660083198,25.006027376811122,0,Toyota,Diesel,Automatic
32328.91676454367,219.0551540504591,20.914556844659046,7,Audi,Gasoline,Automatic
17418.05876459637,231.48658145958007,28.296228342162024,4,Ford,Gasoline,Automatic
28890.844418872166,183.94294365318297,29.68785068813279,14,Honda,Hybrid,Automatic
17470.88663313352,239.52182196902976,16.962200678155128,0,BMW,Diesel,Manual
17450.701427043034,205.927988140772,21.18637610716893,0,BMW,Diesel,Manual
24859.14907462068,262.25782617875797,21.15428825106351,9,Ford,Gasoline,Manual
8462.161172096256,179.32436545731298,20.300484494455677,9,Honda,Gasoline,Manual
9297.874305771085,252.0789140949575,29.147374209658743,14,Toyota,Gasoline,Automatic
16628.215084687217,205.93732350387944,24.030869306135983,16,Mercedes,Gasoline,Automatic
13274.291050599491,180.45745989156654,23.677425793446947,5,Mercedes,Gasoline,Automatic
25774.05555461012,185.48342497837035,14.980688177966233,2,Ford,Hybrid,Manual
13988.45970997104,190.3895807541704,28.17709015104613,12,Honda,Gasoline,Automatic
10870.936699746639,212.7249783920575,18.80370802573264,15,Honda,Gasoline,Automatic
45835.96777338151,215.685064641065,25.299663151331643,7,BMW,Gasoline,Manual
19675.153002664345,182.78899988184264,26.386884689790957,14,Toyota,Gasoline,Automatic
22782.86739295765,199.26936223217052,31.803292979193255,16,Audi,Diesel,Automatic
10803.505101495439,264.2681107583559,18.45589800440444,16,Honda,Gasoline,Automatic
16777.74588789271,251.82629510302132,9.902439220895873,12,Audi,Diesel,Automatic
23282.593373701693,213.08971009022096,25.919247723768475,16,Mercedes,Hybrid,Automatic
12388.2436767816,201.140104345046,34.00255590755427,5,Audi,Gasoline,Automatic
26578.26376885947,203.60093980154784,31.19473176469719,16,Toyota,Gasoline,Automatic
16312.397084363267,218.4055391819125,26.048297076373128,15,Toyota,Hybrid,Automatic
19037.25494897237,169.31622304404783,22.541819071839765,13,Audi,Diesel,Manual
16303.689223007223,192.27870387729965,29.035612983186553,12,Ford,Gasoline,Manual
55611.15514696902,149.9424777836723,20.132269001477656,5,Honda,Hybrid,Automatic
21878.318173002073,211.97669367815837,27.381788846781095,2,Ford,Gasoline,Manual
12979.734500241697,219.41587819108224,27.527350795833133,13,Audi,Hybrid,Automatic
33232.12993523725,185.50440613101878,30.3010495374944,13,Honda,Gasoline,Automatic
11963.051953550612,247.219602898701,38.79830019455539,14,BMW,Gasoline,Automatic
24451.13212476428,163.22703010992976,26.962079835893835,7,Ford,Electric,Automatic
8268.140699890055,156.0687535937054,22.455181871462507,14,Ford,Gasoline,Automatic
11337.906809580163,206.73355455679916,24.87212843904003,12,Audi,Gasoline,Automatic
24304.835904252846,231.41294907836465,16.15462047555441,16,Mercedes,Gasoline,Automatic
31864.037125922307,250.51783074373606,21.52643434455471,2,Audi,Hybrid,Manual
23997.000937756067,186.2334721139318,22.95358780943448,5,Ford,Electric,Automatic
20788.92888425323,232.36042500293888,22.379558010327038,4,Honda,Diesel,Automatic
18947.895561975947,198.84474591497877,25.76177436016861,16,Mercedes,Gasoline,Automatic
10516.9025109776,194.82118100177541,20.887900338088997,1,Audi,Electric,Automatic
15368.540830248387,226.50979812460017,30.605153336622358,14,Audi,Gasoline,Automatic
17495.17861993381,219.56968635240258,25.001035324590987,4,Ford,Gasoline,Automatic
37367.667834615655,152.70823529047252,24.953498394306926,19,Ford,Diesel,Automatic
26155.352806638817,244.2962104917769,23.36052641743541,5,BMW,Gasoline,Manual
9122.324430127768,241.40274062442353,25.775953419294897,5,Audi,Gasoline,Automatic
25901.13281332576,181.23311895471412,29.125491323338174,17,Ford,Gasoline,Manual
18168.75900233907,211.87410600312228,20.664348921445498,17,Toyota,Gasoline,Automatic
15701.93135240072,214.82090558848216,21.709417554623716,3,Mercedes,Electric,Automatic
29906.709865514105,207.8202129747172,23.481369856116675,16,Toyota,Gasoline,Automatic
36882.769186295074,183.4908453846374,18.270645382633926,13,Mercedes,Diesel,Automatic
35088.89787482605,179.85129896185845,20.903710701392512,13,Audi,Gasoline,Automatic
14478.082576023808,199.23337787025665,22.618895632276704,12,BMW,Gasoline,Automatic
18871.22986801871,235.18187057778096,29.37194590356364,6,Ford,Gasoline,Manual
25994.277995885604,216.30800463783297,26.312806645009626,11,Ford,Diesel,Manual
35874.160911473824,188.88157003741682,25.967949556837723,14,Ford,Diesel,Automatic
17333.786990422854,223.15096131945035,29.25448981083986,18,Audi,Hybrid,Automatic
20073.794991193554,114.54372138109774,24.313141058003016,10,Mercedes,Diesel,Automatic
12667.97599845029,234.46297101116312,26.952324249644448,14,Ford,Gasoline,Automatic
12111.330373676079,147.80858663665703,24.48389123533752,11,Toyota,Diesel,Manual
33066.06838339609,189.12677175790603,26.326811746998143,2,Ford,Hybrid,Manual
43395.8899627714,166.40990316121568,22.08620671194209,16,Audi,Diesel,Manual
21247.50889924212,161.15955572837282,12.805914208617855,2,BMW,Gasoline,Automatic
36379.708847437534,234.82480362135558,24.32860418906848,18,Toyota,Gasoline,Automatic
26392.047495492367,185.96896396064326,32.1137406804997,19,Ford,Diesel,Automatic
15953.605338440953,210.39511645192147,29.631077011207964,3,Ford,Diesel,Manual
26388.875104223414,198.59238263362448,29.826987422955852,2,Honda,Gasoline,Automatic
47525.33818322699,214.31122481669365,31.18065360903109,15,Mercedes,Electric,Automatic
21635.41816069199,202.30465673180765,25.443287954807186,11,Toyota,Hybrid,Automatic
48161.817974346464,161.5102332743429,25.986578537027977,7,Honda,Gasoline,Manual
5943.939737403458,229.88800458341422,21.91174052282825,16,BMW,Electric,Automatic
33221.45736082149,185.18730250516063,23.41963571986475,6,Mercedes,Gasoline,Automatic
23006.30376547937,153.30254304020747,28.07885574885571,10,Toyota,Gasoline,Manual
18967.766638545498,187.15654517102263,31.019422185844082,17,Ford,Gasoline,Manual
23060.590215447886,245.02279371902932,24.302768621595003,0,Toyota,Gasoline,Automatic
8153.605839625243,225.5066522634048,22.749053675742942,2,Ford,Electric,Automatic
19735.297368910444,189.5404359677642,25.002639794282988,3,Mercedes,Gasoline,Manual
26332.423347393655,189.52226887044714,28.006033744645574,12,Ford,Gasoline,Manual
46117.46568282913,190.35094846347852,17.78072591933229,5,BMW,Gasoline,Automatic
16998.236644481913,262.30243950682524,13.51909523431381,13,Audi,Gasoline,Automatic
14702.211425386246,211.4580635669466,22.247315752542082,4,Ford,Gasoline,Automatic
17139.165063335866,212.90124941573208,18.896437870429207,15,BMW,Diesel,Manual
34811.429956135355,230.90850362095526,22.459299011763445,14,Audi,Gasoline,Automatic
25961.64550109542,207.1636747707954,24.26109840591264,14,Mercedes,Electric,Automatic
16900.86187474624,192.2287356253789,22.733757954884933,3,Mercedes,Electric,Automatic
28470.783968816155,194.10950452745064,32.26233767235372,7,Toyota,Gasoline,Manual
23121.975732057577,197.8519622175781,26.6337238230116,15,BMW,Electric,Automatic
35750.60586554225,198.88333290470476,26.502371798054142,15,BMW,Gasoline,Automatic
15505.862435757406,221.8288863091094,28.11103572021701,3,Honda,Gasoline,Automatic
18697.945429029034,201.55837657421898,19.305834411096154,12,Honda,Gasoline,Automatic
18105.04528490147,221.97920231646737,30.195558937101342,12,Audi,Gasoline,Automatic
10596.113118646625,197.57850259674254,24.6211785673227,1,Audi,Gasoline,Manual
25541.5071329414,202.35905570948273,28.352403086206063,2,Honda,Diesel,Automatic
25097.60333977793,140.0539794640368,19.64071383479922,7,Audi,Gasoline,Manual
22082.853537073177,227.48983024107446,17.23120616991968,14,Ford,Diesel,Automatic
19588.666404698044,210.39465427693978,29.089448290125144,10,Honda,Gasoline,Automatic
10854.278672987923,229.94030329578956,26.882047630487584,8,BMW,Diesel,Automatic
17848.54620186591,113.11233865418932,20.48974222821245,6,Ford,Gasoline,Automatic
18557.74946541548,262.6512411434218,20.651684593626527,12,Audi,Gasoline,Automatic
14747.979441820797,195.8123111553448,30.627173922073847,1,Mercedes,Gasoline,Manual
20319.92364722684,233.2454845021255,19.05294053566336,7,Toyota,Gasoline,Manual
26957.731772174317,168.80282218623407,33.21336476627982,6,Honda,Gasoline,Automatic
56562.01640191111,218.3832171518771,20.496896326760655,11,Mercedes,Electric,Manual
24035.54142061969,168.3975331047903,28.191959628041914,18,Audi,Gasoline,Automatic
25053.65979297264,181.28693117912584,23.356907621255075,6,BMW,Diesel,Manual
21221.647371458424,257.4209406160036,28.015937155411716,9,Toyota,Diesel,Automatic
8438.960296223011,194.2795279770996,22.279429989429037,15,Mercedes,Electric,Automatic
21736.38932066047,206.5229861953917,24.18603546963853,2,Toyota,Gasoline,Manual
22699.88426436816,226.10203192066263,25.204595876978605,9,Honda,Gasoline,Automatic
75479.85332439913,214.87045663917814,19.989062721092637,5,Audi,Hybrid,Automatic
20006.64040359626,204.5125671543073,28.704121727100627,17,BMW,Diesel,Automatic
25610.908965564962,210.94883007398676,22.433932167642073,17,Audi,Gasoline,Automatic
21647.475361379846,272.10246755714826,23.857000423299908,4,Toyota,Gasoline,Manual
12279.186839050417,198.27143608899243,20.028253126957438,6,Mercedes,Gasoline,Automatic
39003.684977762925,206.03297140144903,12.188331706023448,1,Honda,Gasoline,Manual
32079.30882340896,231.51963188022836,24.044861186999157,10,Honda,Diesel,Automatic
32712.61209556366,233.1657779887395,37.063077108064576,12,Audi,Gasoline,Automatic
13978.927171437977,235.6109091668114,28.92302143949012,4,Mercedes,Gasoline,Manual
44417.87046827939,219.16190666087553,24.903698101328025,5,Mercedes,Gasoline,Automatic
10927.900411330833,165.7098526180855,23.68554585395866,13,Toyota,Gasoline,Manual
29537.8729252535,249.00294596903288,25.11232946406023,11,Audi,Diesel,Automatic
65856.13129798013,165.60963820943937,27.73559557587605,3,Audi,Electric,Automatic
13423.092685423846,209.079063957171,19.095935923455777,5,Ford,Gasoline,Automatic
16594.907251543296,177.37172449941926,30.571608473344362,9,Audi,Electric,Automatic
23151.75073932882,198.0758496022102,28.57690657720622,17,Honda,Gasoline,Automatic
17124.443614560096,209.8628723091044,28.59092862853967,14,Toyota,Gasoline,Manual
10144.310490172693,209.6407164635082,27.192378694048635,7,Mercedes,Gasoline,Automatic
22794.657958017207,212.65762262705854,25.09808328846995,8,Audi,Gasoline,Automatic
12949.962134375319,248.41133807175942,28.3643061798341,4,Toyota,Gasoline,Automatic
27911.559899641452,213.6060290454194,27.95907066870689,9,Audi,Gasoline,Automatic
13908.951197243072,192.67530094128054,23.22979644529488,19,Mercedes,Electric,Automatic
47808.905206019874,228.92261504865073,22.131991135515495,5,BMW,Gasoline,Manual
14888.931355560231,235.6841146677392,25.509281476309933,15,Mercedes,Diesel,Manual
18750.37895067823,163.17176554589022,32.74510075747594,2,Mercedes,Gasoline,Manual
33082.463213525334,217.92200209549574,18.804464621730496,9,Mercedes,Hybrid,Manual
11903.262983206158,221.03518226932695,17.662373671237802,10,Audi,Diesel,Automatic
24679.543159726287,191.07309489920024,25.823804206182583,10,Ford,Gasoline,Manual
42343.549614817195,241.2712043993486,25.25443850928009,16,Mercedes,Diesel,Automatic
9860.166981723787,195.4983323890242,25.86670832185204,3,Honda,Gasoline,Automatic
24156.697003375,203.76729360414626,26.219765989542502,3,Honda,Diesel,Automatic
25082.89445863454,194.8078452714839,23.883988726825976,16,Toyota,Gasoline,Automatic
32562.33189304132,200.46737142744402,32.44931719301041,8,Ford,Diesel,Manual
11867.094068845521,167.11174739314396,16.99548010761742,18,Toyota,Diesel,Automatic
11381.809401979192,156.79847352217118,20.85751487609877,4,Honda,Gasoline,Manual
28594.531802429083,247.83515189674915,24.483726199254765,5,Honda,Gasoline,Automatic
25552.548509253476,174.59115955045016,16.784055944229163,2,BMW,Electric,Automatic
24965.406988694762,170.2582295163108,24.120727977839643,0,Mercedes,Gasoline,Manual
26192.387779033845,135.39829659188854,33.30735082864009,19,Honda,Gasoline,Automatic
15677.590879494735,180.83114756931494,25.10443244147981,15,Audi,Gasoline,Automatic
24738.768043840057,160.30730619777506,26.153504528593416,10,Audi,Gasoline,Automatic
25502.614024295654,249.26045480409107,18.6991761741371,12,Toyota,Hybrid,Automatic
15410.806929911927,230.294512680279,21.918192959802614,9,Toyota,Gasoline,Automatic
55987.69735946672,179.3554896446683,23.124018098380315,2,Mercedes,Gasoline,Automatic
27914.916330815067,267.57307416032927,23.41142451621883,8,Mercedes,Diesel,Manual
12141.058493714816,229.45296460974782,31.408218975018844,11,BMW,Electric,Manual
30585.361903443147,190.25505849474132,27.78845530362562,13,Ford,Gasoline,Manual
13529.92482376081,125.01782855379281,19.44271021531484,0,Toyota,Gasoline,Manual
32648.11181259125,268.72827717772225,26.232523892160025,17,Mercedes,Hybrid,Automatic
39312.49905889436,158.31282599709212,27.491108742483924,16,Toyota,Diesel,Automatic
14612.883364606601,150.63803759129325,30.700745192606334,8,Mercedes,Gasoline,Automatic
35656.547323649815,230.6771129602892,32.90270343284187,8,Honda,Gasoline,Automatic
27075.6604105987,273.19257219017817,19.924529040860655,9,Toyota,Gasoline,Manual
33224.076238756905,241.52818455531553,20.94571244394831,18,Honda,Gasoline,Automatic
56862.79224265354,216.9172736015708,18.71211070542692,14,Toyota,Gasoline,Automatic
19483.163123126684,217.84263024995857,23.829900704465093,4,Ford,Electric,Automatic
15110.300126178656,225.60246676340924,27.331791872231673,14,BMW,Gasoline,Automatic
14118.521348284752,222.76785769360296,29.93667258294551,19,Audi,Diesel,Automatic
14648.523985366397,208.43574271908128,24.620244881787386,1,Audi,Gasoline,Automatic
21193.485915206733,203.12603311855628,23.40076238372578,12,Audi,Diesel,Automatic
26123.11901915697,198.12220616301434,25.758789961243703,15,Honda,Diesel,Automatic
25294.579421987826,177.38106233399972,20.824285491849885,14,Mercedes,Gasoline,Automatic
33309.29028239276,191.57974769399678,35.44769360847387,9,Audi,Gasoline,Automatic
22170.125112947993,149.21129557413843,16.961694864409708,13,Ford,Gasoline,Manual
45559.16266125389,197.0498111961575,25.923702894478623,9,Audi,Electric,Automatic
19296.35666774518,170.34226678547248,35.1180310961482,13,Toyota,Electric,Automatic
85826.62768389178,166.89232048352687,25.033999222799988,8,Honda,Gasoline,Manual
30116.656623670682,205.39682453460435,24.049804824992528,13,Toyota,Gasoline,Automatic
14348.794659293366,241.760068590338,23.212772885947864,2,Toyota,Gasoline,Manual
12894.469158000062,227.5494981800694,24.09804159118796,19,Toyota,Diesel,Manual
28035.762536124297,152.88498189130468,31.864242373382652,15,BMW,Gasoline,Automatic
19697.925553665784,170.31115590288988,13.940690443352466,1,BMW,Gasoline,Manual
31476.61748306119,228.22313563964647,32.66716850648163,9,Mercedes,Gasoline,Manual
27906.608743508423,170.5253781938507,17.880214237749275,2,Honda,Gasoline,Automatic
21238.812044247705,193.26100550008925,23.666738353827927,10,Ford,Diesel,Automatic
14423.341935627916,216.50156297073656,22.853777898506692,10,Ford,Gasoline,Manual
10327.61224386789,170.94966635409094,27.9427663488536,12,Ford,Diesel,Manual
17619.16526304596,203.1612651843788,17.009378240581263,6,Toyota,Gasoline,Automatic
33799.43607504751,159.97923515245387,27.310863330409713,16,BMW,Gasoline,Automatic
24515.157337278903,181.9589706814636,35.12154811643426,1,Honda,Diesel,Manual
11815.064049560324,209.59345802427612,18.184129977035948,11,Toyota,Hybrid,Automatic
24018.75981436196,152.21018799404993,25.94853083805198,9,BMW,Diesel,Automatic
26706.404642242785,213.21424213881198,21.690089111016956,17,BMW,Gasoline,Manual
14158.512069649603,199.41086603219955,27.12943603096518,10,Audi,Gasoline,Automatic
23786.240279906677,216.57469863251444,25.09573888707876,15,Audi,Electric,Automatic
22676.952044153266,206.71742402193985,21.79256545477845,16,Honda,Gasoline,Manual
12438.04066512306,240.92421289921532,27.43936142435537,18,Honda,Gasoline,Manual
26341.30925899475,203.75673507943722,34.021740548933714,17,Honda,Electric,Automatic
29155.30786466023,187.1178337662424,24.045481041363505,2,Toyota,Electric,Automatic
37855.27524660717,203.66892509096851,28.59878971074091,15,Mercedes,Hybrid,Automatic
37305.68571367915,216.29894087109165,18.53363521064418,5,Honda,Hybrid,Manual
11060.829983994132,201.46580210977112,20.217818115909957,11,Audi,Electric,Automatic
13781.5701202871,201.21775073611647,27.362031389401885,10,Mercedes,Gasoline,Automatic
28495.960905648797,178.94024936579734,32.420580142679825,14,Toyota,Gasoline,Automatic
28478.166229850794,180.11297247347156,26.7780667439283,14,Mercedes,Gasoline,Manual
28496.137853255,157.9218418460092,23.434709847384227,15,Ford,Gasoline,Automatic
151201.05879679564,252.48730229560817,24.99645702711677,9,Mercedes,Gasoline,Automatic
29303.0022418065,162.68410293826145,18.747961330151412,11,Honda,Gasoline,Automatic
38862.413170518346,179.21284406612278,28.022576631776833,12,Toyota,Gasoline,Manual
35489.809635914586,178.44778203292407,29.411665311617046,3,Honda,Gasoline,Automatic
30506.517419491694,226.84773130833324,22.7395483358346,6,Audi,Gasoline,Automatic
18814.166037065825,191.15150965123917,22.649789261202493,1,Ford,Gasoline,Automatic
32192.365599770277,237.432262180212,26.329391148260243,14,Audi,Gasoline,Manual
14966.765561772432,179.79528127268395,22.816401319797023,7,Honda,Diesel,Automatic
19566.822799152444,208.36982486671405,24.669336926870887,6,Honda,Gasoline,Automatic
17280.22781631124,174.93958840220728,35.49860894583258,14,Honda,Gasoline,Automatic
22946.87566667983,264.35447383320167,23.76487149627002,13,BMW,Diesel,Manual
70075.55410650207,164.37204742911462,23.20829923989389,7,Ford,Gasoline,Automatic
8659.111548176008,209.29462130681082,21.762290971824203,11,Honda,Gasoline,Manual
31043.045821855714,219.01330642796296,28.720959857499682,12,Honda,Gasoline,Manual
9834.403363877194,212.41397292354495,24.093879133909486,10,Audi,Gasoline,Automatic
17396.66964386173,194.44137023366875,21.753134808392872,16,Audi,Hybrid,Automatic
37967.1009211206,196.10537900799721,31.60652016136506,16,Honda,Gasoline,Automatic
22745.895932814874,201.3143441593733,32.098015022568184,3,Toyota,Diesel,Automatic
12850.36649637529,195.58993995114534,21.997882171306475,7,BMW,Gasoline,Automatic
15403.470888391514,228.9163735038473,15.66730024319692,4,Audi,Gasoline,Automatic
30939.80663613251,266.31569004774053,30.03756844918461,15,Toyota,Gasoline,Manual
15287.896014761232,183.275246449765,21.57685087119998,3,BMW,Gasoline,Automatic
24544.16176080863,158.90591061262768,28.953127995813844,14,Honda,Gasoline,Manual
22534.120810231005,197.35153854946236,15.149480911440822,11,Ford,Gasoline,Automatic
15901.994589117421,277.39128012962954,29.462986691496546,4,Mercedes,Gasoline,Automatic
64342.267630532835,175.8897629609081,18.944140353596094,15,Mercedes,Diesel,Manual
30241.169731996793,249.17350416332204,28.653820595332622,13,Honda,Gasoline,Automatic
8001.855303174893,250.3310244222932,25.071365339182172,9,Audi,Electric,Manual
24178.69511837164,183.39235274876017,20.230302903016778,6,Toyota,Diesel,Automatic
15821.210692297946,217.06949237555827,22.964818435366098,12,Ford,Gasoline,Automatic
33732.48731972523,248.85189869385613,28.431592284783505,19,BMW,Gasoline,Manual
14820.099767591357,188.6261677703754,25.52947226557617,4,Honda,Gasoline,Automatic
20798.409143244782,193.89258919692915,27.922064902362422,2,Ford,Diesel,Automatic
28353.15639067604,182.5495725815407,34.88220292257743,14,Ford,Gasoline,Manual
33957.92703143711,169.55729807921398,17.178791941444743,3,Audi,Electric,Automatic
12086.589322296071,180.52167364801977,33.08606287484312,14,BMW,Gasoline,Manual
18634.116166006723,163.2817919971323,25.521779687616064,13,Ford,Electric,Manual
17370.477424213557,201.02250404777678,20.50607975838436,19,Audi,Gasoline,Manual
15888.254169172116,176.90080306824075,18.348431871305053,18,Toyota,Electric,Automatic
53248.61746524048,207.01357735372244,24.054398046114834,12,Audi,Gasoline,Automatic
26970.281550650176,153.32313061389118,29.6082505596223,9,Toyota,Gasoline,Manual
11725.931348086287,209.92640696643372,24.362254398112327,4,Toyota,Gasoline,Automatic
34854.271384993735,225.00586884826774,32.55577465123674,19,Ford,Gasoline,Automatic
63645.13061251639,140.18793072285632,17.744121549742204,19,Audi,Hybrid,Automatic
36909.80933271638,211.22169709542717,24.939555260769726,5,Toyota,Gasoline,Automatic
10304.28407158268,236.83006977419876,18.738032777934404,3,BMW,Gasoline,Manual
17289.989364743393,163.71076943926383,26.81815941312484,1,Ford,Gasoline,Manual
41500.28503852152,250.1771716051311,29.4344369504865,15,Audi,Gasoline,Automatic
15462.380173663847,212.57057028098134,22.896191031594732,17,Audi,Gasoline,Automatic
27499.131850211037,178.84964432724774,11.97893071686433,4,Mercedes,Diesel,Manual
32445.49964579642,198.32692767026882,25.99474073398247,3,Audi,Gasoline,Automatic
13856.847090404037,216.74980737565167,27.183692758667547,12,Ford,Hybrid,Manual
21380.558824702628,202.28016174237234,27.021473774808488,18,BMW,Gasoline,Automatic
4356.24762783359,216.16267977339106,31.17891095911077,1,Audi,Gasoline,Automatic
13197.809915715325,172.379792207619,19.644731601754756,12,Mercedes,Diesel,Automatic
19413.343624362744,205.08082472108234,28.401080527252248,10,Ford,Diesel,Manual
11802.992842527314,157.5885650928506,30.962537562389876,3,Toyota,Gasoline,Automatic
49821.687090680345,196.66321815953899,16.107062079967417,19,Honda,Diesel,Automatic
10774.41165847737,172.88277075605632,26.598259129594886,19,Honda,Gasoline,Automatic
17676.25966943323,177.934101722307,22.479100844961643,14,Toyota,Gasoline,Manual
23514.447269111733,237.08279525631312,24.59238663449177,3,Audi,Electric,Manual
45280.7213911298,232.73930361782806,26.738382417691682,8,Honda,Gasoline,Automatic
10743.63671075236,218.27414362721532,22.56385717943224,6,Honda,Gasoline,Automatic
39402.39483596255,167.23061705982263,21.62145960419194,18,Toyota,Electric,Automatic
22139.453685572636,190.50774650915594,25.170762087440124,18,Audi,Hybrid,Automatic
13483.819290288971,236.3929309993755,19.563770305685985,5,Audi,Gasoline,Automatic
27751.682199293482,204.25150740919713,19.570874355574073,5,Toyota,Gasoline,Automatic
24331.567194655574,269.5798861994508,28.396866414782515,19,Audi,Gasoline,Automatic
16315.837835807024,211.79953518183115,19.25602982420672,14,Audi,Hybrid,Automatic
22808.784880176794,205.76147349470094,28.33156250454606,14,Ford,Electric,Automatic
18166.657757479265,190.72650607392495,27.312956464269757,19,Ford,Gasoline,Manual
23312.81929576883,204.00622714346846,16.370966356047017,8,Toyota,Gasoline,Automatic
30670.76921791481,195.42590490858368,21.612176738321725,3,BMW,Gasoline,Automatic
48679.26303765711,221.2432603006577,30.97054701523686,17,Honda,Diesel,Automatic
11861.963918079797,228.70106950383752,20.09417234430159,17,Ford,Diesel,Automatic
63992.21327285948,176.4203161847615,22.677978688453063,4,Honda,Diesel,Automatic
8299.546055982712,160.06301139326666,27.31030446625948,19,Mercedes,Hybrid,Manual
20416.6791768471,144.9138388069011,28.91695254641298,10,Toyota,Gasoline,Automatic
29559.445110213383,215.2397398073763,23.74230556977752,4,BMW,Gasoline,Automatic
25349.034813276474,166.8990018147838,22.01244902654179,3,Mercedes,Gasoline,Automatic
16133.453302102569,135.4132822114255,32.11184930849254,11,Mercedes,Gasoline,Manual
19849.59483994956,211.65735813592892,33.6944983189879,1,Audi,Gasoline,Automatic
17214.36575768216,274.7899855229837,29.894290253908977,12,Mercedes,Gasoline,Automatic
16404.60917411234,199.8178726538032,25.42659071282512,9,Toyota,Diesel,Automatic
33684.76875716781,225.15472323354925,20.95867139179537,8,Ford,Electric,Automatic
26331.145129559733,202.45488075642695,20.847777967217173,9,Toyota,Gasoline,Manual
15576.91364202223,197.03331040426573,27.61257052632879,6,Ford,Gasoline,Manual
34537.46437406744,227.57229448963307,27.09199110444342,3,Mercedes,Gasoline,Automatic
25684.67425300184,191.29176367434047,32.007992964732146,18,Mercedes,Diesel,Automatic
33071.628851494184,208.0217694221571,28.252250462680696,9,BMW,Diesel,Manual
30176.3692215705,209.6509341858804,17.48459849120091,2,Ford,Gasoline,Automatic
14552.273206774953,179.95728639070853,30.259738088614593,18,Mercedes,Gasoline,Automatic
16645.737887413947,229.7612704860957,20.009696863427934,1,Audi,Gasoline,Manual
32004.980252457874,194.75120729913775,23.08014364023824,19,Honda,Gasoline,Manual
29887.186809038627,177.32764521521466,26.251001031258472,9,BMW,Gasoline,Automatic
21797.470349228723,216.0952953071121,34.978337448919824,1,Toyota,Electric,Automatic
23357.272989263576,173.04596054626887,40.549592780026806,1,BMW,Electric,Automatic
41724.02779229687,200.84543472107384,28.033615295680914,16,Honda,Gasoline,Manual
16386.519688269876,199.7264301006739,24.084016906398062,15,Ford,Diesel,Automatic
28956.462580774933,232.57686697494734,27.672528242402752,15,Toyota,Hybrid,Automatic
19908.532223696293,214.24094698639857,29.43827712936918,13,Toyota,Gasoline,Automatic
19754.950524472424,199.24919123764568,23.396661872214043,6,Ford,Gasoline,Automatic
38154.097121059334,224.53298897600862,33.97605677956161,10,BMW,Hybrid,Automatic
33279.8761839495,241.7062264705194,26.15035379595701,0,Mercedes,Gasoline,Automatic
33082.33780858201,216.73430919055588,27.48871544545697,10,BMW,Hybrid,Automatic
42308.33555154575,200.31057859530142,28.329621260272308,3,Honda,Hybrid,Automatic
22259.004910909538,160.64491302949523,27.10793305307228,6,Audi,Diesel,Manual
30976.263159930688,168.04659010773884,29.19470250234806,14,Mercedes,Electric,Automatic
18861.2837593178,190.84325886935997,21.913734067265384,17,BMW,Diesel,Manual
25902.19974302493,181.7146339352215,22.208491230269846,11,Audi,Diesel,Manual
20638.808140887726,194.39086091043663,19.499228835141526,16,Audi,Gasoline,Automatic
23121.032555552894,201.6994977469132,27.19750615310113,0,Ford,Gasoline,Automatic
29660.70879427602,215.89078263070192,28.89468251756057,10,Honda,Gasoline,Manual
14630.880231198846,197.88503665822725,27.28886433075943,0,Honda,Diesel,Automatic
62704.82251905227,214.59504931478605,33.37246216673769,14,Honda,Gasoline,Automatic
13319.59195012514,201.9342324443036,24.97201990585477,9,Mercedes,Gasoline,Automatic
12002.925534588694,140.73600300938386,28.343708277962563,6,Toyota,Gasoline,Automatic
39302.972720907615,171.81993818543737,19.54149561930343,1,Mercedes,Diesel,Manual
32722.930412200203,195.67737332835154,23.064501487627997,9,BMW,Hybrid,Manual
30093.362411413345,163.70915771476677,28.47768878782889,3,Audi,Hybrid,Manual
30157.012272504817,217.99786189988615,29.245510553715718,11,Audi,Gasoline,Automatic
21892.001342258412,245.92252497031092,23.530165261679088,18,Toyota,Electric,Automatic
14063.988669091577,236.5628555509195,24.642003740709665,10,BMW,Diesel,Automatic
22877.342267212214,193.59671387209377,17.410631266595953,7,Toyota,Gasoline,Automatic
15700.049500726476,244.72178410549856,23.214853995966955,17,Audi,Gasoline,Automatic
35866.53140178404,204.46002371606335,29.45191581759893,10,Mercedes,Gasoline,Automatic
20464.998369398523,189.88742086645883,27.87602508053283,10,Honda,Hybrid,Automatic
14577.746048518567,181.59792009377182,27.50332860690605,12,Audi,Gasoline,Automatic
18756.714597781905,190.92590940535615,25.2488684359048,2,Ford,Gasoline,Automatic
27077.698300845637,188.35469544376315,25.03531579314088,11,Honda,Diesel,Automatic
16616.271807450048,205.11248667126463,21.698394302632764,2,Audi,Gasoline,Automatic
14601.649813205366,204.81721943149594,28.494142101012674,9,Mercedes,Gasoline,Automatic
24880.59859245459,200.09138060460242,27.10486472194695,16,Toyota,Diesel,Automatic
24896.519300530068,213.1081450923905,27.460094239963997,1,Honda,Gasoline,Manual
17094.779650990586,235.71938824359023,22.369825786662098,16,Mercedes,Diesel,Manual
17404.44386596808,228.4866240632397,14.233285400643778,15,BMW,Gasoline,Manual
24736.24778896783,155.4530609465029,30.48576355876848,1,Ford,Diesel,Automatic
10678.181529584715,123.38236595294136,22.605812719957978,19,Honda,Diesel,Automatic
10897.275826555031,228.02959733717822,20.686121179784397,5,Toyota,Gasoline,Automatic
15379.302476129335,158.99363904753736,28.467394559569968,9,BMW,Gasoline,Manual
19796.81656367997,193.2570379432195,23.03993680040435,9,Mercedes,Diesel,Automatic
25731.0518001696,164.89660921821923,30.29968192023311,7,Ford,Diesel,Manual
46058.98370192292,145.9405868725994,28.08502974788349,0,Toyota,Diesel,Automatic
33820.750445326004,216.24388184614364,28.417846616002386,12,Mercedes,Electric,Manual
20333.61557275476,222.7746548090794,18.170221443997328,8,Mercedes,Gasoline,Manual
21818.02836103927,182.70468797819842,31.059719926932004,9,Honda,Gasoline,Automatic
13342.841698768789,122.26873123565271,26.30625265616928,14,Honda,Hybrid,Automatic
21823.517069917412,183.6126665524255,23.153614303768983,4,Toyota,Gasoline,Automatic
19066.16697096695,211.7541201620764,25.716942336711256,15,Audi,Gasoline,Automatic
25883.45602736211,155.63265293677614,16.1188238355084,12,Audi,Gasoline,Automatic
14565.11446431315,205.50079759337467,27.043264057403356,19,Mercedes,Gasoline,Automatic
28557.453722965238,199.54070452481014,19.853142459089643,17,Honda,Gasoline,Automatic
47399.61837551522,217.37874498803265,18.23664857078233,10,Ford,Hybrid,Automatic
20860.6507840939,203.58741105242459,17.388204068910547,8,Ford,Gasoline,Automatic
26926.221319443648,170.80793177355332,30.563441874949625,15,Mercedes,Gasoline,Automatic
31103.38690251358,235.89714504993475,21.853683031536058,1,Honda,Hybrid,Automatic
18022.743445579486,195.2441128091909,32.6686385495825,1,Toyota,Hybrid,Automatic
24638.02452426567,199.18086381470204,22.32099268473851,11,Toyota,Gasoline,Manual
22165.586343193594,172.00196122780412,16.463210212035264,7,Toyota,Gasoline,Automatic
23128.896587671643,186.70153246425468,19.417377800256705,8,Ford,Electric,Manual
14965.384422646974,173.45591857919297,31.179058100034695,11,Honda,Diesel,Automatic
22298.062876032633,194.81161820229732,24.220509110316662,8,Honda,Diesel,Automatic
28254.2493751741,251.35125440427032,22.258563517546996,9,Ford,Electric,Automatic
45504.74129962578,158.8429657120593,25.80009112926394,1,Toyota,Diesel,Automatic
35583.43192135927,151.59315806369776,27.508913680837725,15,Toyota,Gasoline,Automatic
64640.163898857936,244.13510982480824,30.586994079512305,19,Mercedes,Diesel,Automatic
15007.813111191666,193.72028968544402,32.24249614946463,6,Audi,Gasoline,Automatic
34069.58461105279,179.9278178402025,23.20115677105457,1,BMW,Diesel,Automatic
24141.0985933715,231.19714062188228,18.36976156958981,0,Audi,Diesel,Automatic
65834.64289997227,181.83153380789406,22.93267419438362,18,Honda,Gasoline,Manual
14703.6472953674,254.78029140640808,26.30140253291443,3,Honda,Gasoline,Automatic
14474.432250514967,220.33777614017808,20.181205368946944,1,Honda,Gasoline,Automatic
16322.563237032738,185.36265775562893,20.214245425524787,13,Audi,Gasoline,Manual
7616.3470033284975,264.7192463979651,26.718939407749428,1,BMW,Diesel,Automatic
16934.74130135365,181.82855230989986,24.756738242147744,14,Mercedes,Gasoline,Manual
15069.583736220471,222.26286116027921,25.163984977057932,11,Audi,Diesel,Automatic
23746.653475459112,208.97877741219475,21.207523326499654,4,BMW,Gasoline,Automatic
26131.009405036766,239.05223868196396,23.847996428971165,19,Toyota,Diesel,Manual
56279.48832593091,246.84533590180558,20.378834278658477,6,Toyota,Electric,Automatic
35426.37644861252,200.960124471973,29.450992055623935,9,Honda,Diesel,Manual
16507.137996146314,177.3974638896145,30.176246673618763,13,Ford,Gasoline,Automatic
14055.831813360346,213.7991642881735,15.769060688809532,13,Honda,Hybrid,Automatic
28168.49927992533,179.6685389074368,20.35244569903795,4,Ford,Gasoline,Manual
11383.080855608237,260.4016174257987,17.517353724549604,17,BMW,Gasoline,Automatic
55035.26182796692,204.09605993248212,21.74988032796551,13,Toyota,Gasoline,Manual
39724.36714430732,189.04035346063674,24.582810151048196,1,Audi,Gasoline,Automatic
17420.660640613725,205.54040917594725,17.75177390150735,11,Ford,Hybrid,Automatic
9352.815832077391,159.5862113141091,20.390700934373434,5,BMW,Gasoline,Automatic
43344.54712426848,170.85157884468046,19.980213139592507,3,Toyota,Diesel,Manual
20800.453687980884,236.01241723833277,26.03633664699472,12,Audi,Diesel,Automatic
40900.93310143757,180.29317163085813,25.34672168518125,3,Ford,Gasoline,Automatic
9924.742598933557,168.5926705195418,21.391312233313734,13,Honda,Diesel,Manual
16322.707059772125,216.09958257581857,25.88410436069699,15,Honda,Gasoline,Manual
22084.29165328151,235.57112463988992,22.266599577063673,3,Honda,Gasoline,Automatic
22549.99891650742,221.568599319952,23.641724448369732,0,BMW,Gasoline,Automatic
17587.91441629102,229.8814305741745,33.36726045149268,12,Honda,Hybrid,Automatic
30074.2609259072,177.29614734291619,31.70230525895174,3,Mercedes,Hybrid,Automatic
12915.582218465759,157.3456799977447,18.502093815362013,19,Toyota,Gasoline,Automatic
20512.920963711284,245.0400095586646,29.148662089395874,17,BMW,Gasoline,Automatic
23391.96381977231,190.31960483473594,29.05698277245796,5,Audi,Diesel,Automatic
28487.464204778917,192.47500950634858,19.25868355623691,2,Honda,Gasoline,Manual
31439.094305286424,239.84582425547174,29.093888218774303,12,Toyota,Electric,Manual
12552.548028118475,216.6869002820198,32.68965959206277,15,Ford,Gasoline,Automatic
10228.599155594085,213.67663316244824,19.38727596877793,4,Honda,Gasoline,Automatic
41724.276595712974,264.9500703470325,20.412485894928682,3,Toyota,Electric,Automatic
26007.936124587897,180.6944530885957,30.08830733421751,7,Mercedes,Gasoline,Automatic
15150.01394988716,227.83520384243712,26.35747655412824,18,Ford,Hybrid,Manual
47838.01942370108,201.71039374691253,27.757381376197618,13,Mercedes,Hybrid,Automatic
23337.979107373783,208.05776836589772,26.702946082002484,6,Audi,Gasoline,Automatic
39721.52821162573,245.85405279237597,26.95347960464072,13,Toyota,Gasoline,Automatic
22782.756631152333,215.23507268868872,18.367639358444585,5,Mercedes,Hybrid,Automatic
61720.657689595835,216.14888237148898,30.23658853310724,11,Audi,Hybrid,Automatic
52980.03488180725,232.17522011929407,30.84794996213887,15,Toyota,Gasoline,Automatic
19448.35803639573,189.05141811371345,23.85304627965986,16,Toyota,Electric,Automatic
35802.94657181853,174.8237099798298,24.78261525093069,12,Mercedes,Gasoline,Automatic
30414.90230832561,168.655724179369,17.34446248722139,13,Toyota,Gasoline,Manual
43665.59532910271,141.00930231871996,27.571273780089175,6,Honda,Electric,Manual
13596.100051890171,261.68621389820964,27.86028720857072,13,Toyota,Gasoline,Automatic
31039.806177597213,166.90374902834952,24.689044915003446,14,BMW,Hybrid,Automatic
37392.00697907368,193.36239129242685,30.621766799352514,11,Audi,Gasoline,Automatic
9141.961584452834,191.69560100333237,23.329613845100297,16,Toyota,Diesel,Automatic
12189.994163329393,209.22220093427302,27.823029629468003,8,BMW,Gasoline,Automatic
7945.681965691731,224.47211637617892,19.901678306539424,14,Toyota,Gasoline,Automatic
19250.582187743013,225.81420465079236,24.88223924562881,11,Toyota,Diesel,Automatic
31532.40820702798,182.50767684293186,24.12822871048582,1,Mercedes,Gasoline,Automatic
46685.015552176046,194.98634858640764,26.12653961020471,4,Honda,Gasoline,Automatic
22857.79303894401,208.477398514649,23.152365355833208,12,Audi,Gasoline,Automatic
49727.221218790735,192.53926621449358,24.34263702164166,19,Honda,Gasoline,Manual
11047.387690444792,248.2203672805998,29.13023585720753,7,Ford,Electric,Automatic
9398.531948053656,214.72924854914754,22.81617881380891,13,Mercedes,Gasoline,Automatic
21423.123404000806,222.04633358149454,16.967114496306603,14,Mercedes,Gasoline,Automatic
26689.692588247595,219.88643806002239,33.7479195210271,10,Honda,Gasoline,Manual
21669.318086656094,235.20421572455973,31.907270393452432,0,Mercedes,Gasoline,Manual
7834.395123663166,205.4306467611112,18.538686524471906,2,Honda,Gasoline,Manual
21066.512644126928,161.0950415613246,28.448539026225973,16,Mercedes,Gasoline,Automatic
11473.155138363218,211.99063855257924,22.485126147243285,18,Toyota,Gasoline,Automatic
30786.64510414538,180.45929318624513,26.317436076655298,13,Honda,Diesel,Manual
26457.610383051287,184.1414995475073,26.47112064506747,7,Honda,Electric,Automatic
13767.418575111202,217.5909205626528,23.82796099841839,12,BMW,Gasoline,Automatic
17035.702047881292,237.14849214300907,21.081171672068017,19,Mercedes,Gasoline,Manual
12969.98653384008,200.63814730208185,21.547294738418703,2,Mercedes,Gasoline,Automatic
21346.87101759568,209.2649903779689,20.41904042259379,4,Honda,Gasoline,Automatic
35510.05448351367,251.06644833905713,20.840888958847778,8,Toyota,Gasoline,Automatic
13455.41594987553,207.22259538465704,24.664108549753223,5,Toyota,Gasoline,Automatic
28339.822720088374,278.05049342541184,21.421200054446242,1,Audi,Gasoline,Automatic
16896.659029636852,216.96528936894632,28.410260328563098,12,Toyota,Gasoline,Automatic
14817.490964392533,147.17711722532547,32.436230776679636,4,Mercedes,Gasoline,Manual
20878.700845604337,222.60024863313598,22.099733793149785,7,BMW,Gasoline,Automatic
13126.37493322444,211.43475154648334,26.197022502676884,0,Honda,Gasoline,Manual
16700.18952806556,238.69258262248238,27.498425551514668,19,Ford,Gasoline,Automatic
12101.21395855342,220.19544053809875,27.360011354596374,11,BMW,Gasoline,Automatic
58827.373805038864,195.84632048048678,25.379776339580438,10,Ford,Gasoline,Manual
22418.27550557022,163.27105291131903,28.713412091798613,6,BMW,Gasoline,Manual
15523.91855377912,193.72930228141925,27.411244763403285,14,Toyota,Gasoline,Automatic
24513.76205518033,174.484386373721,18.81168788836351,10,Mercedes,Gasoline,Manual
20823.469587826567,182.58429650585833,29.345780321946364,15,Ford,Gasoline,Manual
19722.496159322447,217.65735213261829,29.436454186333712,2,BMW,Gasoline,Manual
29943.97306351107,250.0971351305422,21.183569479107092,19,Mercedes,Gasoline,Automatic
32168.849453787887,211.84014589468944,25.18968917723801,13,Ford,Diesel,Manual
16894.601739642105,164.1235081389445,28.416644964055347,2,Honda,Gasoline,Manual
16516.098975262023,213.33808004660423,23.953430902103193,0,BMW,Gasoline,Manual
19196.325345127272,235.89894459936954,30.364890238830057,14,Honda,Electric,Automatic
6967.692711703779,181.70651287041852,36.8193624730968,0,Toyota,Gasoline,Automatic
10325.836886227935,195.97948499981246,21.070069836825088,16,Honda,Gasoline,Automatic
43627.24562053524,200.44064584187592,18.094776984231125,1,Honda,Electric,Automatic
50135.461785214524,176.4530506075328,26.51909297802438,19,Audi,Electric,Manual
19447.65896725449,219.44841301531577,28.607812525630717,5,BMW,Gasoline,Automatic
29386.141996198312,196.37155554176655,23.845668130776154,7,Toyota,Gasoline,Automatic
25735.459764640622,212.58597331721083,32.266303316605175,15,Honda,Gasoline,Manual
102686.95878161729,173.375234665937,18.306971001383758,18,Mercedes,Gasoline,Automatic
38552.9328693402,186.87625099029768,28.464593115158056,0,Ford,Gasoline,Automatic
20661.786373591727,221.67144073483314,21.970695896205534,2,Honda,Gasoline,Automatic
13660.036152262419,188.81500543724698,33.59688953103648,2,Toyota,Gasoline,Automatic
9865.280381238425,251.80891553700215,34.962576765840595,4,Honda,Hybrid,Automatic
24385.203610465996,188.01091443156193,21.16671706108326,11,Ford,Hybrid,Manual
15090.559481114415,206.74054177255658,22.2522143204571,11,Toyota,Gasoline,Automatic
10816.988053396743,227.9777249561927,29.29793943489901,19,BMW,Diesel,Automatic
15942.018219976628,157.44902801200905,23.064346751052426,12,Toyota,Gasoline,Automatic
12825.953294000758,147.17573564057673,24.77294391033881,19,BMW,Electric,Automatic
51203.891681139234,154.23031056289716,25.12694210271205,8,Toyota,Gasoline,Automatic
34228.704314638395,237.87752310281547,15.401634219011719,6,Ford,Gasoline,Automatic
21938.83601542118,183.44425562322658,24.930811269528814,3,Ford,Gasoline,Automatic
46164.76249268638,276.74597857004755,21.55136112967913,18,Toyota,Gasoline,Manual
22895.236477554427,183.07257204027835,22.53438588800114,18,Honda,Gasoline,Automatic
14319.218991618787,205.5365390959111,32.21816001734407,5,Ford,Diesel,Automatic
47172.29545920787,246.26329857703627,18.717465528603718,12,BMW,Diesel,Manual
28838.16671226019,260.18278664477367,29.066025933739887,10,BMW,Gasoline,Automatic
13113.229994927988,261.8451072990919,23.605185348340957,12,Mercedes,Gasoline,Automatic
20026.880215922683,236.25098691779428,23.601199157520828,12,Audi,Gasoline,Automatic
14216.959661763956,230.72187577434386,28.951859480258555,19,Audi,Electric,Automatic
11032.493307402114,217.77580847603548,26.70025647284445,14,Audi,Hybrid,Automatic
34999.49016901272,223.35083228499914,27.853064986097657,12,BMW,Hybrid,Automatic
57222.83552901856,183.464428510144,29.840923302664304,10,Mercedes,Electric,Automatic
10945.855966765,175.45403349733078,23.343458084083387,18,Audi,Gasoline,Automatic
29187.173216653904,199.89876627767143,21.938816327461247,7,Audi,Gasoline,Automatic
15909.611706984739,194.89446132425215,19.574247367211008,19,Toyota,Gasoline,Automatic
17265.012056042517,186.40315852018173,20.872947350105225,7,Toyota,Hybrid,Manual
16379.781827608986,220.89162342370145,39.745472126543625,9,Toyota,Gasoline,Manual
14299.854125186976,228.6591562571153,31.22339790368393,15,Honda,Gasoline,Manual
22567.38077170128,202.65220658875543,18.244628168959892,18,Audi,Electric,Automatic
14538.05454304236,244.32590243165785,18.38771021628215,10,Honda,Gasoline,Automatic
25215.859300970555,165.74932657599484,27.40933030859246,12,Mercedes,Gasoline,Automatic
21480.072960222424,194.19021622160847,27.736323986889836,8,BMW,Diesel,Automatic
19546.00069716703,178.49533038191586,27.744419176586824,19,Audi,Gasoline,Automatic
13991.680318364459,144.0039014878082,23.72522103223151,18,BMW,Gasoline,Automatic
16508.230186571032,197.519579424719,24.372728699985498,15,Toyota,Diesel,Automatic
32134.825028855612,196.3475747485015,26.639397620796785,6,Audi,Diesel,Automatic
28295.51509353378,245.40349229726394,25.429465031466652,18,Ford,Hybrid,Manual
13510.499158414998,218.92435053664332,13.903498136262325,11,Honda,Gasoline,Automatic
23148.05763907517,169.27439527012385,23.85100184712403,14,Honda,Gasoline,Automatic
32070.553821570065,255.62277699002564,20.742967828698433,13,Audi,Diesel,Automatic
9559.56362840489,236.63101086576057,25.87605709454256,10,Toyota,Gasoline,Automatic
28902.405218467207,217.46293110405847,39.926295013017054,9,Honda,Gasoline,Automatic
15814.588574763251,193.20547703450504,26.83740832737152,10,Toyota,Diesel,Automatic
29298.726628909648,171.21682289829562,23.43235156913801,5,Mercedes,Gasoline,Automatic
15038.523508821674,188.8337967178684,29.60900750988626,1,BMW,Gasoline,Manual
8933.459042627477,232.66245859112558,27.413439436046062,10,Ford,Gasoline,Manual
9761.767712179455,256.5375891780383,27.100472452259208,18,BMW,Gasoline,Manual
22562.45393318573,246.29730584816568,28.034252966078355,5,BMW,Gasoline,Manual
25080.884238923514,185.3345173464118,35.28271782414771,13,Mercedes,Gasoline,Automatic
14014.41451947209,166.41147700132967,19.34555782337042,19,Honda,Diesel,Automatic
30311.917451147274,204.22658740733613,27.368160384057273,5,Ford,Hybrid,Automatic
9597.327649552013,146.94681903311445,20.368094350092306,16,Honda,Gasoline,Automatic
21310.604692267414,209.69503142554345,27.77756323171124,9,Audi,Gasoline,Automatic
12021.979761216433,195.57192241103994,20.40656744256953,0,BMW,Gasoline,Manual
15900.120170914632,186.01890494395272,22.91316593197458,2,Audi,Gasoline,Automatic
22554.713233396375,152.15890798199615,23.524550428810468,7,Toyota,Diesel,Automatic
14325.455195210114,215.4080031970915,29.879083596723547,7,BMW,Diesel,Automatic
18173.544703927033,184.01897481014265,29.59227221971207,19,Honda,Diesel,Manual
36429.94588708614,164.90249492869137,18.771413117768077,14,BMW,Gasoline,Automatic
16507.2352741465,113.83213360155052,25.274670554999243,6,Toyota,Gasoline,Manual
33451.304256855416,199.17455284848091,21.452100726254137,10,Mercedes,Gasoline,Manual
12520.800404357959,253.16754790009233,18.707475446623327,6,Audi,Gasoline,Manual
28707.166917631534,249.83777643643612,23.914914747878147,3,Audi,Diesel,Manual
45287.408298594244,186.28711230241186,23.457586057720903,11,Honda,Hybrid,Manual
6400.796725354378,181.9336381891466,37.13358243172761,5,BMW,Gasoline,Automatic
14787.71980271,214.06322768225073,27.16479912680348,13,Honda,Diesel,Automatic
29393.712314206503,170.04843682435126,18.111912496228815,11,Mercedes,Gasoline,Automatic
19900.045695744255,209.05375699458398,22.176129979145287,10,BMW,Gasoline,Automatic
26517.838506163178,222.9824083515407,30.106916477146992,18,BMW,Gasoline,Manual
16285.125214735022,236.80799671652923,35.442213864349625,4,Honda,Gasoline,Automatic
23001.044196681218,196.9953777056014,17.070083438810208,13,Honda,Gasoline,Manual
20376.985522208255,193.88978749469103,15.600378074304775,15,Toyota,Diesel,Automatic
39493.4861948006,173.66052239730317,34.35482587685891,12,Mercedes,Electric,Automatic
25014.48714093084,175.1935893788042,26.94807088685452,19,Toyota,Gasoline,Manual
26076.800571387037,193.2056332429542,20.65853634061817,3,Audi,Gasoline,Automatic
17926.969195774243,211.02096520448535,27.673145430612177,10,BMW,Electric,Automatic
17260.86169812177,227.4075387869975,11.82126130491561,16,Honda,Electric,Automatic
17742.548538064886,175.90463147958965,25.016877532985806,6,BMW,Diesel,Automatic
26828.66196142085,244.78065706878564,26.639105864215427,13,BMW,Gasoline,Automatic
17845.519719380805,191.86629196872295,29.62135069768915,10,Ford,Hybrid,Automatic
25460.599751399124,199.35898116954692,19.930520238537312,8,Audi,Gasoline,Automatic
62174.51072515818,177.5836496255653,25.428435807016797,12,Ford,Diesel,Manual
34049.21822568006,127.27279219181175,20.37287686970206,17,BMW,Gasoline,Manual
18713.27106797,226.52136189083149,26.276918778371584,10,Honda,Diesel,Automatic
40159.205109595845,222.105316912773,20.52326838818488,14,BMW,Gasoline,Automatic
17961.077122827384,191.5601732864536,22.959495804198898,18,Audi,Gasoline,Manual
7950.083672303744,202.00972151674617,20.020923026048855,0,Ford,Gasoline,Automatic
13305.820426622076,215.47817653112298,28.255681209118286,3,Honda,Gasoline,Automatic
8643.8558353626,153.12362429340374,29.29225558328333,13,BMW,Diesel,Automatic
18476.28428184646,184.12841967961117,23.826897150212933,13,Mercedes,Electric,Manual
22230.24859140009,223.8279403886548,25.191189974800142,2,Audi,Hybrid,Automatic
50930.57226588548,162.3713173049225,17.75704292683228,16,Audi,Gasoline,Automatic
25937.98269900689,208.8067379649989,23.501616759966065,2,Mercedes,Diesel,Automatic
19740.93614448085,159.30254586129786,24.748976914791275,15,BMW,Diesel,Automatic
33346.32300663773,213.9928994730058,38.103965455149876,13,Audi,Gasoline,Automatic
7291.265074151514,198.9307555310755,19.440164871129184,19,Honda,Gasoline,Automatic
24780.37477236108,151.54604552283473,32.320886193762185,12,BMW,Diesel,Manual
32384.415952364154,234.94218063371514,29.98429386732904,14,BMW,Hybrid,Manual
10516.564632451174,177.96225269605853,26.403182022450682,13,Ford,Diesel,Automatic
39021.84988162538,175.69242688956857,33.79310242097567,18,Audi,Gasoline,Automatic
26088.45618601031,206.0170759169283,26.860527363034315,5,Audi,Gasoline,Automatic
17896.421274644283,234.45912048286147,26.945795978339643,9,Mercedes,Gasoline,Manual
30223.98015226392,169.5253454306481,24.734396734912274,14,Ford,Diesel,Manual
68551.90187153213,201.85039549543916,31.117844412093138,19,Ford,Diesel,Automatic
24123.292042356,212.8644950099172,30.482346169054416,5,Audi,Gasoline,Automatic
24937.05909687653,220.79316821789433,21.871613562518938,9,BMW,Electric,Manual
17506.360486169327,205.29324665831675,18.40376402700616,6,Ford,Gasoline,Automatic
14401.358411798868,188.98916482750033,23.985096813021716,16,Mercedes,Hybrid,Automatic
33361.83657858232,175.1722933805384,20.999807178011768,17,Ford,Gasoline,Automatic
14356.500096784273,202.58431649139123,24.682377126923225,16,Mercedes,Gasoline,Automatic
22828.91284041605,167.8358296404318,31.187190673420695,8,Ford,Gasoline,Automatic
17346.937843312946,112.35948549516178,22.71349172456605,9,Mercedes,Gasoline,Manual
27986.846554532,213.09679412473002,24.785883093442127,9,Ford,Gasoline,Automatic
26025.472596437878,227.11804523258587,25.290113674041976,6,Ford,Gasoline,Automatic
37003.581051880996,129.11202693374486,29.242154411026423,15,Honda,Gasoline,Automatic
17068.53178341065,169.70807885870187,13.765553330076974,17,Mercedes,Diesel,Automatic
19246.077108040372,218.57462783015592,21.966498526173517,5,Mercedes,Gasoline,Automatic
13502.338101159023,261.724864091351,26.056418461397364,19,Mercedes,Gasoline,Automatic
17638.74831708648,200.62381123026225,31.000394782134308,0,Toyota,Gasoline,Manual
26599.56780013137,178.15991176312596,22.540487762468974,0,Ford,Diesel,Automatic
32160.501218463243,194.5131067668548,15.61723646979063,11,Mercedes,Gasoline,Automatic
13889.901411391136,241.24629257444553,28.098557229830682,1,Audi,Hybrid,Automatic
34023.371348420886,180.62107462626395,21.823188055871853,3,Toyota,Diesel,Automatic
43382.82608308906,176.02423980049238,19.051666704548193,16,Honda,Gasoline,Manual
27084.515278172614,185.51769433453902,21.87827305143388,3,Mercedes,Gasoline,Automatic
56297.077663962154,171.40014175223862,24.07737321172075,10,Mercedes,Gasoline,Manual
14959.553434504664,203.68010947984388,21.976276677308938,3,Toyota,Gasoline,Automatic
11821.469995681777,248.7403537540868,13.972169714504654,0,Ford,Electric,Manual
9051.084606615404,209.69237819348086,29.485330984435663,6,Audi,Hybrid,Automatic
46537.89266477348,192.42939493621137,31.374375206393612,17,Honda,Gasoline,Automatic
30551.920542651616,191.24566193253366,28.25760995669753,8,Mercedes,Gasoline,Automatic
21422.7273796538,153.10427573910027,19.311571647875915,2,Ford,Diesel,Automatic
25336.069039210255,226.49329331441476,23.99254233026241,7,Audi,Diesel,Manual
12547.233428957254,197.66488408961595,24.96739342385271,18,Audi,Gasoline,Manual
74822.65480332603,194.58560259228122,27.993971947809552,3,Honda,Gasoline,Automatic
23496.59018250489,295.7932270353458,28.341702443590403,17,BMW,Gasoline,Automatic
23264.81464903466,208.96258725097059,21.32913100610752,19,Audi,Electric,Automatic
31662.342246400993,177.44626849714447,25.409977782067802,10,BMW,Gasoline,Manual
28015.25930436929,187.2092721138337,27.286402023076207,13,Audi,Gasoline,Automatic
24635.456667206232,234.45337127590264,32.279111610733835,17,Honda,Hybrid,Automatic
14835.270586227847,203.39811231613294,28.522532699123616,15,Toyota,Diesel,Automatic
27881.932532750565,156.851660650479,28.945283436877595,2,Honda,Electric,Manual
56444.4500331851,227.5768680372561,25.419133139646803,14,Honda,Gasoline,Automatic
43161.75249150441,179.95567743383018,32.05229572601752,3,Toyota,Gasoline,Manual
48854.08675915068,256.19893328652637,27.048813979797487,4,Toyota,Hybrid,Manual
17058.29989771974,232.40144197143945,20.694560449132148,16,Ford,Gasoline,Automatic
13429.345979671923,186.58034313023745,32.01684985062595,6,Audi,Gasoline,Automatic
20683.809841156282,238.4304908520534,28.489516362695138,15,Ford,Gasoline,Manual
22648.806947953395,202.0356653158221,22.784779894357587,13,Toyota,Gasoline,Automatic
38066.72268940363,225.58321025366658,22.602535163003783,15,BMW,Gasoline,Manual
9449.977931013644,214.54198451883425,26.48287772570381,6,BMW,Electric,Automatic
47324.10952474576,174.6093003502738,27.315923976337924,8,Honda,Hybrid,Automatic
20353.253407776887,180.69350503047613,25.986461328156032,3,Mercedes,Hybrid,Manual
17792.983355002423,230.89882452743484,26.556543367214424,10,Honda,Gasoline,Automatic
13279.115439889332,189.95674003680378,33.4997868728819,1,Honda,Gasoline,Automatic
9629.356345329126,187.8905461027401,30.35771576117443,11,Mercedes,Gasoline,Manual
33242.52776581293,171.3463226195194,25.95317795632512,11,Audi,Electric,Automatic
22848.91664484443,212.70797196780384,29.706552903837416,3,Toyota,Gasoline,Automatic
11556.687470055014,261.87574757729436,19.837380482362303,17,BMW,Diesel,Automatic
11527.152449815583,167.9740125723718,26.989635249734043,6,Honda,Diesel,Manual
18622.161898629893,200.72658370018274,34.04653174866555,0,Mercedes,Gasoline,Manual
50742.07680489579,242.3666166624629,23.90977052303813,12,Ford,Gasoline,Automatic
19345.2912834094,197.61075826262854,20.761830356904575,5,Honda,Hybrid,Manual
10388.228025941145,213.57115388749202,21.7395555570347,5,BMW,Hybrid,Manual
19479.705674238114,168.1281941555936,19.55183481328806,11,Toyota,Gasoline,Automatic
19218.684101656723,212.84921291622945,21.076190459361484,7,Honda,Gasoline,Automatic
5719.0425187149385,194.38567204986353,23.147459507049856,18,Honda,Hybrid,Automatic
21436.54739939372,229.5718998703959,17.97216490410679,4,Audi,Gasoline,Automatic
19624.473904860886,235.62158154694254,25.078091669748016,17,Mercedes,Gasoline,Manual
31197.810105461773,277.6869092605584,29.511385868933235,4,Ford,Gasoline,Manual
55518.859202971464,217.38899519640728,20.4612190992654,9,Ford,Gasoline,Automatic
38687.91339156781,209.773889497465,32.59641961820884,0,Toyota,Gasoline,Automatic
19255.57011959883,205.8315290473201,27.553960442637973,9,BMW,Gasoline,Automatic
12666.766677852347,189.40501121567934,30.152902928120287,4,Toyota,Gasoline,Automatic
79752.22353897979,210.15451530385073,21.710827230739316,11,Honda,Gasoline,Automatic
22688.403570368544,191.13795769582913,29.272626135333077,6,Honda,Hybrid,Automatic
22180.40778420445,205.05382928808842,19.540330498023437,8,Ford,Electric,Automatic
21762.36664782921,239.5279260682388,29.451237504182544,11,BMW,Electric,Automatic
24319.70923920714,169.80372304161077,25.859196698967658,0,Mercedes,Diesel,Manual
20492.61372366652,234.19635683387136,27.76625609992392,10,BMW,Gasoline,Automatic
16533.9148624744,239.51345202019596,19.12202697187574,14,Honda,Gasoline,Automatic
16756.986074588236,196.45794419026763,20.524650788616977,1,Mercedes,Hybrid,Automatic
21668.68402869542,136.34435302974217,27.986141091266923,19,BMW,Gasoline,Automatic
16785.78396205096,181.76534038716702,20.258259978878996,6,BMW,Gasoline,Automatic
15422.412825762285,238.90983639683327,27.316031460495616,11,Mercedes,Diesel,Automatic
23230.35514484781,199.31395813103353,18.16431096769877,17,Honda,Gasoline,Manual
19389.973688813097,170.02093303115268,29.24087106333334,2,BMW,Gasoline,Automatic
46723.21803441574,184.85675236315348,18.837383426157455,6,Mercedes,Hybrid,Manual
5851.861506237508,225.21860079513658,27.761499688397617,10,Audi,Electric,Manual
38015.65874098224,216.40200704604138,28.128154668230003,17,Audi,Gasoline,Manual
41070.385620287816,192.83203702490917,21.516140907852126,11,Honda,Hybrid,Automatic
7811.1297276152,188.99526764555938,27.910132835423635,5,Mercedes,Diesel,Manual
18557.99927710469,188.24725552868534,26.30221131666778,4,Audi,Diesel,Automatic
18293.10637430197,172.3276944650449,22.30579071903631,0,Mercedes,Gasoline,Automatic
10897.014729094772,248.46127068408325,19.95722657961896,11,BMW,Gasoline,Manual
14929.459031273786,190.3303859236598,15.186871541637105,10,Honda,Diesel,Automatic
12641.142828577784,236.5147556247649,26.748250236498468,3,Audi,Electric,Automatic
52898.76235895881,245.63948155767355,17.175986143189725,17,BMW,Diesel,Automatic
35166.14807973971,229.9493269444388,25.47672099720654,3,Toyota,Gasoline,Automatic
41596.75953812097,187.05139061845856,23.682758919588753,16,Toyota,Gasoline,Automatic
31597.58687745633,212.1119027100983,28.39571387719098,1,Honda,Electric,Automatic
12524.902160572106,199.27413180827253,23.48977250255068,1,Audi,Gasoline,Manual
16945.199661043596,172.88894417809615,23.35276106826454,11,Audi,Gasoline,Manual
28132.683142884387,209.7307784516481,28.659353521441478,5,Audi,Gasoline,Manual
11955.373189059104,164.62880626520592,26.675290145420586,9,Mercedes,Gasoline,Automatic
31460.850641889654,235.6303816538469,26.58077978591389,15,BMW,Diesel,Automatic
19532.544476530416,186.0614810810482,27.34633794904263,13,Audi,Diesel,Manual
18262.217666968496,206.03478967618517,17.32213938396447,6,BMW,Gasoline,Manual
31428.801103833943,208.49863614638426,28.78394339993491,18,Honda,Gasoline,Automatic
27505.235730782515,192.23285078887767,28.06234397006801,16,Audi,Electric,Automatic
18389.165103612107,217.60081404425824,19.916584357117515,8,Honda,Gasoline,Automatic
39326.9338054866,185.75289030132427,23.779597631628995,12,Audi,Gasoline,Automatic
12829.06188661295,226.1389189237173,24.803463561861843,4,Toyota,Hybrid,Automatic
29970.468829214802,159.62060959259753,24.327516077991337,4,Ford,Gasoline,Manual
29630.236697728735,203.79138738639236,26.669299832842672,9,Honda,Hybrid,Automatic
18868.078037055646,258.16786997174853,32.15683390915592,9,Audi,Gasoline,Automatic
25927.68280655822,169.99006026183275,30.408833638364143,6,Ford,Gasoline,Automatic
11783.354886845918,179.66765088425444,18.43890403284297,14,Honda,Gasoline,Automatic
34961.87669736583,215.41723548976745,28.110349951530242,6,Mercedes,Hybrid,Automatic
20081.392756393445,205.38745345818793,31.64466659767705,14,Audi,Gasoline,Automatic
16960.433849041186,210.51890297820677,26.934042603446013,2,Mercedes,Gasoline,Automatic
37216.392913717726,214.6756139044299,30.454902125929834,18,Toyota,Hybrid,Manual
15488.113763065312,219.0416440568531,35.06135222850382,9,Audi,Gasoline,Automatic
10891.84204562895,233.29099525868668,30.118547730534907,14,Toyota,Gasoline,Automatic
10114.09640304283,212.29455970785537,26.246542978208645,2,Ford,Gasoline,Automatic
29822.099024770527,192.76227036144374,30.225442370423767,5,Honda,Diesel,Manual
11611.89547629883,220.17721103608193,25.724439165484455,11,BMW,Gasoline,Automatic
52965.555815591775,256.99645804685645,25.119515216424777,14,Toyota,Gasoline,Manual
7777.850518717974,196.0209876085228,23.242928821431338,5,BMW,Gasoline,Automatic
51442.92317306642,170.76412085988076,32.81706679416054,12,BMW,Gasoline,Manual
24477.478615806493,233.21242007860917,20.907856670289995,18,Honda,Hybrid,Manual
20986.68449781988,196.38856508139204,32.66183862339058,2,Ford,Hybrid,Automatic
16773.247016125504,134.81991361957893,27.49932061870186,7,Honda,Diesel,Automatic
26891.56794549531,225.42265031451265,18.003469125990293,7,Audi,Electric,Automatic
21615.86141135373,183.94015442138232,26.83824646495711,19,Toyota,Diesel,Manual
38240.51906727622,197.28400153087517,14.49986746174188,14,BMW,Gasoline,Automatic
23321.10035372819,209.95940991707045,28.12754008415518,3,Honda,Diesel,Automatic
23745.56085753318,205.714990393372,29.426157414944953,18,Honda,Gasoline,Manual
18364.851898613004,221.2835545141712,22.03822022173973,2,Honda,Gasoline,Manual
21408.154677886832,186.9354088829047,25.617738479777913,12,Toyota,Electric,Automatic
25691.12510128491,215.39317394528248,34.77078716875143,7,Ford,Gasoline,Automatic
9366.696986783958,192.21359967248247,22.471266478690318,15,Honda,Electric,Automatic
11225.096269792139,222.16431442662508,19.705462064716997,12,Toyota,Gasoline,Automatic
31940.562955201913,218.46102452039162,32.40831701231299,2,BMW,Diesel,Automatic
23990.968333435616,171.93683893866213,34.81293595265397,15,Audi,Gasoline,Automatic
20090.620268529972,232.57946348525098,25.018478359239236,8,Mercedes,Diesel,Automatic
22230.421475335592,183.92109664657855,30.05731517704178,13,Toyota,Diesel,Manual
26207.236467985254,224.24173394843436,31.707379577654407,12,Mercedes,Gasoline,Automatic
16816.572875865855,211.01861940204023,21.28757883730808,6,Honda,Gasoline,Automatic
14925.816405470865,255.14551030385368,22.57347082316066,14,Honda,Gasoline,Automatic
24292.492416738896,193.29602052884442,31.154372565773674,6,Toyota,Gasoline,Automatic
13504.977648781192,189.52049611645407,33.425071393542545,5,Mercedes,Diesel,Automatic
27014.42814116126,199.417411823368,27.814404300871775,1,Honda,Hybrid,Automatic
9402.28663653365,190.90460651497173,20.60092823248973,8,BMW,Gasoline,Manual
36848.78106068149,223.99825705826152,34.935305558497205,16,Ford,Diesel,Automatic
27897.678074402433,151.51068174690238,22.345145510940178,4,Ford,Electric,Automatic
25034.618028720077,168.38952742560937,23.32431109414274,11,Honda,Gasoline,Manual
36002.56597468559,167.9659123526242,26.711689172448107,0,Mercedes,Diesel,Automatic
50652.16343708593,228.50922775920728,32.77080210357387,9,Audi,Electric,Manual
36577.37037896088,251.31840117745776,29.269879882761117,10,Honda,Gasoline,Automatic
8774.129879044016,196.86652344387585,27.074327501809552,15,Audi,Gasoline,Manual
11616.845438221866,194.93534830429968,27.31644265059053,13,Audi,Gasoline,Automatic
16116.368493989085,202.10156489339545,25.21757334321733,7,Mercedes,Hybrid,Manual
22315.695079383397,234.85634907824573,27.79069757259253,16,Audi,Hybrid,Manual
28533.368622606773,172.1794059742828,12.352199611528485,17,BMW,Diesel,Automatic
15323.273469647618,207.15106948204357,23.516962704651007,11,Mercedes,Gasoline,Automatic
24182.472726552645,229.25592889347288,26.206609674583905,16,Honda,Gasoline,Manual
15097.863667544205,215.03282509819536,19.244929581902465,13,BMW,Gasoline,Automatic
16223.90577311683,205.6874484979623,26.9316165890578,15,Toyota,Gasoline,Automatic
10901.650203512854,230.03138277701424,23.97764389506939,13,Ford,Diesel,Automatic
13882.486725959465,118.90303121002289,33.77737849157745,8,Honda,Hybrid,Manual
11205.474104300836,220.33625958592722,32.865098626074285,3,Honda,Hybrid,Automatic
13521.866212110383,180.37772950617727,22.670972154409185,10,Honda,Diesel,Automatic
37302.6966141376,145.0810130943063,24.245811442166524,5,BMW,Gasoline,Automatic
13702.047532610706,215.33607798574943,24.630262171958037,14,Toyota,Gasoline,Manual
82140.87437740891,241.20975635488873,22.741702619201888,4,Mercedes,Gasoline,Manual
28188.206223980033,195.87654456116925,25.975124920140633,10,Toyota,Diesel,Manual
24159.140156037367,228.58623641608816,21.20858965556205,17,BMW,Electric,Automatic
14340.186360348867,248.36834773965936,19.346923325312368,12,Honda,Gasoline,Manual
31261.886151790008,239.44743360752142,28.113556119501343,10,Ford,Gasoline,Automatic
16517.588913563104,249.19893588114178,28.147647921109055,13,Honda,Gasoline,Automatic
23412.021466743518,222.26382473215676,20.978421201700037,17,Mercedes,Gasoline,Automatic
79224.61057643339,202.26300916704778,29.476777153812996,18,Audi,Gasoline,Automatic
20993.539995889012,151.94102564308494,21.842111354173344,14,Ford,Gasoline,Manual
39129.684924097324,192.61812535610153,26.265826190189905,8,Honda,Gasoline,Automatic
15497.155771198595,174.70260214051424,29.10172006306228,7,Ford,Electric,Automatic
21644.480415315244,265.12828152493444,24.831937176481436,19,Audi,Gasoline,Manual
53391.151972340514,194.7234256270299,27.27370456070567,0,Toyota,Gasoline,Manual
16099.064941304661,203.69614420353457,22.417851780562142,3,BMW,Gasoline,Automatic
54514.624221658094,216.54456128121402,24.017667082859514,13,Honda,Gasoline,Automatic
31378.429201725907,201.30807339117362,23.970702845598296,1,Mercedes,Gasoline,Manual
16626.724875514858,250.8515312129226,21.267108267298806,15,Toyota,Gasoline,Automatic
30218.32687676285,181.32051914796645,24.11612918442109,2,Honda,Gasoline,Automatic
35820.55697662636,205.83822365711728,17.256908505681267,7,Toyota,Gasoline,Automatic
30058.626824482144,177.72588242905854,22.544231264289476,5,Mercedes,Diesel,Automatic
10045.57622591043,160.39932466337882,23.575622533151645,15,Honda,Gasoline,Manual
15312.601748845445,181.64692727284142,23.7191012375231,15,Audi,Electric,Automatic
19462.41954378711,198.88889608854765,23.792512770646105,6,Audi,Gasoline,Automatic
21221.779865684635,187.1209332644822,24.691179000699357,12,Mercedes,Gasoline,Automatic
30041.530363614173,179.22737060378432,27.39720759043032,12,Ford,Gasoline,Automatic
24073.10450061543,157.810476089845,29.372585370662613,4,Mercedes,Gasoline,Automatic
11297.399219513623,197.50683282113917,21.751173865758666,19,Ford,Hybrid,Automatic
26638.129960246573,154.85838877906994,18.983995723054278,17,Honda,Diesel,Automatic
29890.407025779128,222.80167891068808,19.789777938784486,14,Ford,Hybrid,Automatic
29140.820134004636,202.4731925880351,22.563985394025366,17,Honda,Hybrid,Automatic
37812.32409681469,156.27345501605208,23.240393410917456,1,Honda,Diesel,Automatic
33421.713658613415,190.72372768850408,21.150019669012714,9,BMW,Gasoline,Automatic
27711.147266441094,177.4353078322825,18.519416678750527,12,Honda,Gasoline,Automatic
21267.11249735868,209.57523531257542,22.71939586262906,17,Ford,Hybrid,Manual
9600.01109555275,240.21351338069434,25.907133100569858,14,BMW,Diesel,Automatic
27304.56298642717,143.74482591062767,27.975147329177823,11,BMW,Gasoline,Automatic
24436.760211188503,203.45078237442252,22.212884734458395,14,Honda,Diesel,Automatic
25230.00951076778,195.1960161330008,22.93501088928283,12,Mercedes,Gasoline,Manual
11633.285550299306,220.14020229351397,20.366508455763444,17,Mercedes,Gasoline,Automatic
12829.105423337574,206.39589884713067,24.842804148126117,14,Audi,Gasoline,Manual
37293.578277447166,177.44092004783542,20.757856829045927,10,BMW,Diesel,Automatic
21595.115267439673,190.42838193000145,27.865639066206,18,Honda,Electric,Manual
30969.259073882487,176.11922429589532,16.070667540329445,2,Mercedes,Gasoline,Manual
22340.561086021076,232.28021415795794,23.20185163773769,6,Honda,Gasoline,Automatic
22356.627080248356,200.63934946015826,26.50553669595871,13,Honda,Gasoline,Automatic
35211.98909862011,257.0357205725902,25.91917258161252,13,BMW,Diesel,Automatic
17017.16187532066,198.1801755855614,38.46516831990248,12,Audi,Gasoline,Automatic
23110.917143218096,178.74779699268612,26.749000122839536,11,BMW,Gasoline,Automatic
17480.868890129932,154.5885682216152,19.979727015789948,8,Toyota,Gasoline,Automatic
17725.36398454746,145.90580971232166,24.522678764554634,0,Mercedes,Gasoline,Automatic
18871.60967782292,152.4759217098353,16.11876833266774,18,Mercedes,Gasoline,Automatic
24613.906961337576,208.0137995303445,24.597001253516197,10,Mercedes,Diesel,Automatic
17337.476153068357,215.26175069689802,20.834719714996208,18,Ford,Gasoline,Automatic
41269.4610189758,152.564278939036,29.57695137780081,17,Honda,Diesel,Automatic
14082.615168865243,226.85114942228347,22.252298627022327,11,BMW,Gasoline,Manual
20061.627261049955,185.50816844949682,24.416170421023768,0,Mercedes,Gasoline,Automatic
17679.0300075979,204.40379035956647,21.822210792977984,18,Toyota,Gasoline,Manual
45410.05985427336,248.36661884766272,33.69425675926666,19,Mercedes,Diesel,Automatic
24301.11196737072,226.90517947596595,23.39378616941044,16,Audi,Hybrid,Automatic
36898.35576177446,191.94408056282504,34.16278521739601,4,Honda,Hybrid,Automatic
10479.956566845924,173.26423323754136,29.070758810591332,2,Honda,Gasoline,Automatic
25172.94619016335,135.44553796012084,27.41033363667693,1,BMW,Gasoline,Manual
34365.73934536107,178.4254004227274,26.8436657365876,2,Ford,Electric,Automatic
22951.578535754583,193.66609283516917,26.968986491081257,7,BMW,Diesel,Automatic
37524.15686141104,170.38461418546447,15.36163710327195,15,Mercedes,Gasoline,Manual
17006.582856695375,196.06229098723085,23.60558302924622,5,Audi,Electric,Automatic
44563.647184357564,202.30555648876305,29.225789855921608,12,Toyota,Gasoline,Manual
69525.51328463081,193.25432054575765,24.75551408262947,15,BMW,Gasoline,Manual
18371.957272922868,180.4999225752962,17.974050765982124,15,Ford,Gasoline,Automatic
17628.08661253039,205.05964015900184,24.73797774711265,2,BMW,Gasoline,Automatic
45555.75496243394,213.25821948708227,33.520527581277456,12,Honda,Gasoline,Automatic
48522.65459246902,167.28802767671462,31.234458577673596,13,Mercedes,Gasoline,Automatic
16959.27204285706,242.3279713923881,24.689979953169843,7,Mercedes,Gasoline,Automatic
17852.638500746514,197.04235603147214,29.757246385290433,11,Mercedes,Gasoline,Manual
19131.810417542496,200.56548868834543,23.16746489815974,7,Mercedes,Gasoline,Manual
11246.078223295055,221.24643269769672,16.480642065866405,8,Mercedes,Diesel,Automatic
13914.323090647933,206.99648393790505,20.377670059352226,0,Mercedes,Gasoline,Automatic
13332.095686724919,228.59409901739735,32.81444384254099,5,Toyota,Gasoline,Automatic
15004.436716472908,208.61372495605474,23.63003459085348,18,Ford,Gasoline,Automatic
21647.766330498605,181.62687876078687,23.78308010312491,10,Mercedes,Hybrid,Manual
24763.03673947873,210.84510575618305,23.500809018625596,10,Ford,Gasoline,Automatic
47822.43914017977,165.68821378038015,34.52068294786503,12,Audi,Gasoline,Automatic
13370.726138195758,203.25679117329568,33.12979457681031,10,Mercedes,Gasoline,Automatic
36031.94551025028,199.0031002806662,36.09390116724067,17,BMW,Diesel,Manual
19791.455396075402,193.75649428182382,24.204773947999744,14,Mercedes,Gasoline,Automatic
21488.39165268372,196.14387465683208,26.478122443735476,0,Honda,Gasoline,Manual
30865.975696816455,143.54452863507083,17.416787252896043,6,Toyota,Gasoline,Automatic
12564.604701783368,183.53825276777116,32.38467213059137,12,BMW,Gasoline,Manual
26667.606632675703,202.78534703423344,19.161102243660324,11,BMW,Electric,Automatic
23938.087868736613,204.79569175992202,26.083877818813146,17,Honda,Electric,Automatic
28175.994400530188,169.16974577222126,19.51348736183578,18,Mercedes,Diesel,Manual
25452.883647725383,237.97123522594103,22.05566586630652,14,Toyota,Diesel,Automatic
75180.71818573687,174.01475455356498,20.8136878447515,7,BMW,Gasoline,Automatic
16012.581050185638,229.0837160158021,21.96062369662091,18,Toyota,Gasoline,Automatic
16890.41402453088,212.81583085615054,22.304386484255108,9,BMW,Diesel,Manual
16129.89621456461,180.6131807046859,22.258656025374613,6,Mercedes,Gasoline,Manual
16684.93408160615,253.25932677828536,29.166669558901535,17,Audi,Electric,Automatic
16015.406374625989,164.1908950473056,19.4756860346874,15,BMW,Gasoline,Automatic
39915.031671522345,227.57462520830003,26.102707135069334,19,Audi,Gasoline,Manual
44812.93587775517,230.01746954128936,31.089795761527792,5,BMW,Diesel,Automatic
16558.036517492434,179.88139372770064,22.43401817743302,8,Ford,Diesel,Manual
14527.841828812776,241.77395900192985,21.41040554626199,12,Mercedes,Diesel,Automatic
27881.196448998136,192.4986045620314,23.847376874098746,7,Honda,Gasoline,Manual
16712.103190620037,208.6608088783957,30.898626041803553,15,Audi,Electric,Manual
30226.24630505122,207.80965516313663,25.97053815476679,12,Honda,Gasoline,Manual
24378.61299763313,195.97073775588356,22.343928526962006,12,Mercedes,Gasoline,Automatic
10322.981914489339,224.32424819479346,27.419383255940197,16,Honda,Hybrid,Automatic
47750.871672562425,223.8046616165664,19.488539250817883,19,Mercedes,Diesel,Automatic
54064.81245792986,147.54404080285457,28.40679755221474,4,Honda,Gasoline,Automatic
16213.599668475716,239.13020728634459,27.043036538508836,16,Audi,Diesel,Automatic
18144.980047493846,150.12524035892977,23.46095764430558,8,Ford,Gasoline,Automatic
25410.879685242682,230.97638613024972,20.807071007763845,1,Honda,Gasoline,Manual
26035.81567361545,233.8011541048275,20.566595388582712,17,Audi,Gasoline,Automatic
30615.819648743745,167.27100709354406,27.674086681729552,8,BMW,Hybrid,Automatic
60180.4163988447,187.67557136136244,31.14490251244531,5,Mercedes,Gasoline,Automatic
20161.424637938988,166.82885994542193,21.813461264856027,10,Toyota,Diesel,Automatic
14777.357324402821,193.55236909133794,27.29193351775742,5,Toyota,Gasoline,Automatic
11051.709335663354,190.75897147442777,14.564864906989657,5,Mercedes,Diesel,Automatic
15283.58995812945,223.3898159680802,22.076911346714002,12,Ford,Gasoline,Manual
21664.635584529507,239.30926238358825,24.84470533564549,10,Honda,Diesel,Automatic
54029.146598609674,241.87051432369867,20.45158291509083,13,Ford,Gasoline,Automatic
17003.83779967259,183.13495920265095,20.31746812605202,1,Toyota,Diesel,Automatic
24634.27329894611,193.72334378766416,21.661102217655568,7,Audi,Hybrid,Manual
21846.33718600289,149.4968542333715,26.460963641631867,2,Mercedes,Diesel,Automatic
39902.59493483728,175.82389800511433,24.063354907968126,2,Mercedes,Gasoline,Manual
77922.20318956811,228.94554899292373,13.808843833375139,0,Ford,Hybrid,Automatic
16891.496583435175,248.46748470644695,14.396499236824669,18,Audi,Gasoline,Manual
17245.047481930116,162.96953384360233,21.965674110714122,17,Ford,Diesel,Automatic
37126.28315237079,182.22607222541316,27.28843293026776,16,Honda,Electric,Automatic
30975.310938392966,199.20782729123218,11.262475786373827,19,BMW,Gasoline,Automatic
55456.46973386787,208.4048347645882,22.501349119241848,12,Audi,Gasoline,Automatic
29494.647720483918,175.71189440235062,22.368760717412894,2,BMW,Gasoline,Automatic
18404.563968506674,212.7218313339227,31.94168889104224,0,Honda,Gasoline,Manual
29594.014746210745,185.7848195878725,23.074890941435683,3,BMW,Diesel,Automatic
38343.94054583308,199.56643187365162,26.914944923704642,12,Toyota,Gasoline,Manual
33197.87313317302,216.38852744011098,25.706285700437316,16,BMW,Gasoline,Manual
28385.593251246748,200.19266809432813,14.347167600963997,10,Honda,Gasoline,Automatic
37546.57137600652,186.90842328420294,28.841036083158688,1,BMW,Gasoline,Manual
39523.384770567456,196.71170588222506,26.07698252728144,15,Mercedes,Gasoline,Automatic
43961.938107295384,197.34911122383994,27.54134319837295,1,Ford,Electric,Automatic
30465.645289417935,188.89966910353616,44.63118853218163,18,Toyota,Gasoline,Manual
20260.753322113025,192.23611811998694,14.579435302507058,18,Mercedes,Electric,Automatic
23702.998621097413,247.9594151151415,33.62348324880554,15,Mercedes,Gasoline,Automatic
40265.66836526989,216.82758343823716,23.56276240299822,18,Honda,Gasoline,Automatic
14640.283681897856,191.13559045912518,26.436644522015047,8,Ford,Diesel,Automatic
26485.075229632283,220.90863213532208,24.77243877349379,0,Ford,Gasoline,Manual
18093.90814153012,189.9854153073197,22.878818333009782,9,Audi,Gasoline,Automatic
22345.325124346604,235.19373912759923,22.150835358806205,18,Toyota,Gasoline,Automatic
41740.448735480466,211.08926576594283,26.647543677865045,0,Honda,Gasoline,Automatic
24234.912408336342,196.78093567987312,17.414131516641604,1,Toyota,Gasoline,Automatic
22543.86563679903,213.43150777430833,28.75289583760883,15,Audi,Gasoline,Automatic
11159.784542373953,152.873715437945,22.91902797557373,11,BMW,Gasoline,Automatic
31988.341363741256,166.19697593270584,19.34965330479821,7,Mercedes,Gasoline,Automatic
30416.548278961804,164.18224980802833,22.74993571002093,17,Toyota,Gasoline,Automatic
64966.521454971975,204.2882928429112,31.285746084312862,1,Mercedes,Gasoline,Manual
18884.766722154345,251.97544998455277,22.323324564918885,12,Honda,Gasoline,Automatic
24577.217227434317,266.93900438577896,26.7922680910481,5,BMW,Gasoline,Manual
24951.56542896654,219.14153304322272,21.34521862142263,5,Honda,Hybrid,Manual
48471.275312998376,215.0253342483337,28.7896092496181,8,BMW,Gasoline,Manual
21001.56491742607,145.96826797541783,28.42753869395102,15,BMW,Diesel,Manual
25324.07397711252,183.71978600797934,34.24304416648206,10,Mercedes,Gasoline,Automatic
29850.242861707982,176.36648744275283,24.122180272503922,6,Honda,Hybrid,Automatic
24180.566723200423,181.37457205246653,28.343274023789533,9,Honda,Gasoline,Automatic
17619.881827189318,194.9556854424563,25.490337697694724,9,Toyota,Hybrid,Automatic
24271.18192264912,185.83728266908616,31.47935890931507,19,Honda,Diesel,Manual
37677.40567962299,140.62100568872637,21.40583806195635,17,Toyota,Gasoline,Automatic
13183.77716782969,222.437307683526,28.725026564386404,19,Ford,Electric,Manual
23540.6698698718,167.8177092278058,24.026513519416593,8,Ford,Gasoline,Automatic
15520.850500573519,207.17740592333448,24.679059114457512,14,Ford,Gasoline,Manual
40035.559050869204,262.2224800924992,25.458762422241865,3,Audi,Diesel,Automatic
10284.637414075482,172.4184622524073,26.261201982133386,7,Honda,Hybrid,Automatic
16656.22128491544,124.0913743176101,24.41885478439021,8,Audi,Gasoline,Automatic
26598.389226254203,191.41987334359666,26.073565915852633,12,Honda,Gasoline,Manual
48183.02283326239,233.02878904995714,32.89059028781092,8,Toyota,Diesel,Automatic
21314.116304050345,258.7504236266178,29.92724842807609,3,Audi,Diesel,Manual
16687.25004833336,163.11351216642748,29.34577296248448,16,Audi,Electric,Manual
56419.974620275956,214.90097669709564,22.722302369880648,15,Audi,Diesel,Manual
10678.55762753333,186.0406862965984,20.55379585885838,14,BMW,Gasoline,Automatic
7336.352193334778,196.82154937087594,29.776502791188765,2,Toyota,Hybrid,Manual
27446.864787601153,279.33030041051103,29.380233962648973,19,Ford,Gasoline,Manual
17136.618537416332,154.9108901481454,32.36335337875491,4,Toyota,Gasoline,Automatic
13218.644729016649,207.6121898448372,21.98009687015385,4,BMW,Gasoline,Automatic
31387.914951262992,214.03079515296298,23.852256723198266,19,Honda,Gasoline,Automatic
24882.010634846854,232.5735897481804,16.802579187372828,14,Toyota,Gasoline,Automatic
16613.33034024908,202.93949460412685,23.037644469695636,17,Audi,Diesel,Automatic
11612.620974341939,209.24151618512306,29.982852552897235,14,Ford,Gasoline,Manual
34071.91320295201,188.25054297734627,22.66752310385901,1,Ford,Gasoline,Automatic
30488.370322473773,208.0738082373532,28.20239897600412,12,Honda,Electric,Automatic
20960.857903551656,189.70423173507768,24.047484470010943,3,Toyota,Gasoline,Manual
55454.519650038026,218.64715669568153,26.620285141107804,9,BMW,Gasoline,Automatic
12899.677845707036,188.91168991869097,19.261543050921663,12,Honda,Gasoline,Manual
10272.620330510494,211.3130118170656,25.426047248169507,9,Toyota,Hybrid,Automatic
15584.715932579882,199.12211558945066,10.044320145496384,8,Mercedes,Gasoline,Automatic
21530.09476372509,233.78150752316503,24.065519209190075,7,Ford,Gasoline,Automatic
24876.272703091654,198.45818829234543,16.8476337814243,2,BMW,Gasoline,Automatic
19523.652750489182,146.80902595379357,31.029972582734082,15,Audi,Gasoline,Automatic
26265.923621525955,237.85764502141976,28.887036763822557,13,BMW,Gasoline,Manual
11780.846196027644,172.82803097412142,27.333354909830405,8,Audi,Gasoline,Automatic
45337.16080629042,180.3870098405354,32.6050311357969,10,BMW,Gasoline,Manual
21140.045480211287,182.13016117869523,20.255417395875813,2,Ford,Hybrid,Automatic
38509.0252851521,241.23314279512454,33.73681598957779,4,Audi,Gasoline,Automatic
26143.677791018923,135.92977358063914,29.660957821301924,9,Toyota,Gasoline,Automatic
27677.542120849135,294.1324560097998,23.81722356390527,12,Audi,Gasoline,Automatic
29286.54984983802,231.68170427198154,30.67810073591472,3,Honda,Gasoline,Manual
27552.65775071876,206.6971674238748,19.46853243794183,12,Toyota,Diesel,Manual
30374.580806354334,198.3531799815114,20.87742919236163,11,Honda,Gasoline,Manual
42812.10912629809,208.56662224572972,21.9570513838015,4,BMW,Gasoline,Automatic
24300.703629373835,215.63367285138014,22.355111459679925,9,Toyota,Diesel,Automatic
31398.075455575665,219.3564675785017,19.717211786198735,8,BMW,Gasoline,Automatic
21060.0287925866,216.66813398010345,31.115415335476627,19,Mercedes,Gasoline,Manual
45254.5550307467,202.68742043765747,23.70572799815084,6,BMW,Gasoline,Automatic
15706.090545909272,194.07984739078023,26.762524841784398,1,BMW,Gasoline,Automatic
54201.84440468124,195.46180149039463,22.148243167931597,6,Honda,Gasoline,Automatic
21588.60751514549,194.15275158941958,15.896983497257414,7,Audi,Gasoline,Automatic
10770.998196829258,234.01310290601194,26.35028679195711,6,Mercedes,Gasoline,Automatic
23483.47373582839,217.80670166842586,15.438725122901115,13,BMW,Electric,Automatic
15669.543005412706,111.7883409600716,24.656829769572656,18,BMW,Gasoline,Manual
33534.22286759085,219.67702329589284,18.15842480583595,4,Mercedes,Gasoline,Manual
15893.85777871923,205.84208584156323,34.93637999615404,17,Mercedes,Gasoline,Automatic
17622.086047835783,199.43873730662307,29.556813610873608,19,Toyota,Gasoline,Automatic
8563.203455024415,188.34444640733344,25.528768956357403,11,Honda,Gasoline,Automatic
17568.219532262734,233.72338159958042,31.318533388273345,16,Mercedes,Hybrid,Manual
6555.504364299784,228.42579386368573,20.768420112671322,12,Mercedes,Diesel,Manual
9977.108404122337,176.81366996529172,27.717396893350465,1,Ford,Hybrid,Manual
32215.640005635698,212.21156861373606,25.99905216859357,12,Audi,Electric,Manual
32627.151190519537,170.85029796376142,26.32010040666835,6,Mercedes,Gasoline,Automatic
27247.819564069276,158.6114550563321,31.361767500533837,9,Honda,Gasoline,Manual
13582.152971690268,181.19848326230104,28.66246051389901,5,Audi,Gasoline,Automatic
21507.227532532022,225.87180417148275,26.443618314125118,2,Audi,Gasoline,Automatic
21986.825904561698,228.5937513612826,16.72556281885852,2,BMW,Hybrid,Manual
12342.670145876502,215.3925626029188,20.199768523602682,17,BMW,Gasoline,Automatic
46709.32725881105,221.7528736054399,24.38645533202138,10,BMW,Electric,Automatic
34155.57647711793,215.48534861344876,25.466861871383255,19,BMW,Gasoline,Automatic
19722.549663603826,180.75555214331143,19.34898137663038,4,Ford,Electric,Automatic
22324.564973764554,212.95767634021823,37.058383377892106,18,Mercedes,Hybrid,Manual
24445.25493728173,224.01228575683047,32.58197027626787,18,BMW,Diesel,Automatic
7935.7453919928175,222.62873989440723,28.010591601962417,14,Toyota,Diesel,Automatic
19465.740631940953,235.66740114423928,25.360184306418724,15,BMW,Gasoline,Automatic
15662.238075019626,221.2491154160319,23.93895515049424,8,Mercedes,Electric,Automatic
13348.909766361996,210.54344622624748,20.24040769988882,3,BMW,Hybrid,Automatic
19138.357639316153,232.10450714949283,25.387402592594313,14,Ford,Diesel,Automatic
54113.73224626781,199.2043622225282,26.288762700713754,11,Honda,Diesel,Automatic
30346.043654218684,173.54376046316847,18.79119712259188,2,Honda,Diesel,Manual
16554.454606615705,195.1079910816871,26.670882086224488,13,Mercedes,Electric,Manual
29327.807039950298,177.65292065580653,24.223704755876255,16,Honda,Gasoline,Automatic
